length;amount
2592000;12500
2592000;12500
2592000;12500
2592000;12500
2592000;12500
2592000;12500
2592000;12500
2592000;12500
2592000;12500
2592000;12500
2592000;12500
2592000;12500
2592000;6250
2592000;6250
2592000;6250
2592000;6250
2592000;6250
2592000;6250
2592000;6250
2592000;6250
2592000;6250
2592000;6250
2592000;6250
2592000;6250
2592000;3125
2592000;3125
2592000;3125
2592000;3125
2592000;3125
2592000;3125
2592000;3125
2592000;3125
2592000;3125
2592000;3125
2592000;3125
2592000;3125
2592000;2812
2592000;2812
2592000;2812
2592000;2812
2592000;2812
2592000;2812
2592000;2812
2592000;2812
2592000;2812
2592000;2812
2592000;2812
2592000;2812
2592000;2500
2592000;2500
2592000;2500
2592000;2500
2592000;2500
2592000;2500
2592000;2500
2592000;2500
2592000;2500
2592000;2500
2592000;2500
2592000;2500
2592000;2187
2592000;2187
2592000;2187
2592000;2187
2592000;2187
2592000;2187
2592000;2187
2592000;2187
2592000;2187
2592000;2187
2592000;2187
2592000;2187
2592000;1875
2592000;1875
2592000;1875
2592000;1875
2592000;1875
2592000;1875
2592000;1875
2592000;1875
2592000;1875
2592000;1875
2592000;1875
2592000;1875
2592000;1562
2592000;1562
2592000;1562
2592000;1562
2592000;1562
2592000;1562
2592000;1562
2592000;1562
2592000;1562
2592000;1562
2592000;1562
2592000;1562
2592000;1250
2592000;1250
2592000;1250
2592000;1250
2592000;1250
2592000;1250
2592000;1250
2592000;1250
2592000;1250
2592000;1250
2592000;1250
2592000;1250
2592000;937
2592000;937
2592000;937
2592000;937
2592000;937
2592000;937
2592000;937
2592000;937
2592000;937
2592000;937
2592000;937
2592000;937
2592000;625
2592000;625
2592000;625
2592000;625
2592000;625
2592000;625
2592000;625
2592000;625
2592000;625
2592000;625
2592000;625
2592000;625
2592000;312
2592000;312
2592000;312
2592000;312
2592000;312
2592000;312
2592000;312
2592000;312
2592000;312
2592000;312
2592000;312
2592000;312